abito,abitudine,1,opaque,555.1909
artiglio,artigliere,1,opaque,590.13435
asta,astuccio,1,opaque,592.9565
ballo,ballatoio,1,opaque,565.5212
bara,barella,1,opaque,684.5984
bile,bilico,1,opaque,663.0447
boccia,bocciolo,1,opaque,570.2725
bordo,bordello,1,opaque,554.70045
botte,bottino,1,opaque,512.6182
botto,bottone,1,opaque,553.2769
branda,brandello,1,opaque,708.461
briga,brigante,1,opaque,737.06505
bullo,bullone,1,opaque,524.7755
burro,burrone,1,opaque,544.9078
calvo,calvario,1,opaque,544.6842
cane,canaglia,1,opaque,521.26375
cancello,cancelliere,1,opaque,519.7755
canotta,canottaggio,1,opaque,647.1037
canto,cantina,1,opaque,532.6657
capo,capienza,1,opaque,598.2955
cappa,cappone,1,opaque,771.8563
carro,carriera,1,opaque,753.3335
cavia,caviale,1,opaque,612.6587
colla,colletta,1,opaque,561.5981
colle,collezione,1,opaque,569.2256
cono,conato,1,opaque,586.185
coro,corona,1,opaque,589.2275
corso,corsetto,1,opaque,531.52065
coscia,coscienza,1,opaque,637.5712
costa,costanza,1,opaque,541.7496
dente,dentello,1,opaque,499.0948
doga,dogana,1,opaque,686.9477
equo,equino,1,opaque,688.5482
falco,falcata,1,opaque,572.70955
fattore,fattorino,1,opaque,593.6076
fiore,fioretto,1,opaque,542.1329
firma,firmamento,1,opaque,604.3393
foca,focaccia,1,opaque,546.78245
folle,folletto,1,opaque,561.6825
fonte,fontina,1,opaque,552.1348
forma,formaggio,1,opaque,535.9992
forza,forziere,1,opaque,507.1775
fosso,fossile,1,opaque,538.6552
gallo,gallone,1,opaque,512.0923
gara,garante,1,opaque,576.5129
gelo,geloso,1,opaque,528.0559
genero,generoso,1,opaque,697.93945
gesta,gestazione,1,opaque,655.4296
getto,gettone,1,opaque,777.90305
giro,girino,1,opaque,584.9568
grano,granata,1,opaque,571.66025
indole,indolenza,1,opaque,724.1926
lampo,lampone,1,opaque,560.9695
maestra,maestranza,1,opaque,584.0713
mago,magone,1,opaque,562.1354
masso,massaggio,1,opaque,559.4983
matto,mattanza,1,opaque,539.7083
mela,melone,1,opaque,567.7921
merlo,merletto,1,opaque,577.5801
mimo,mimosa,1,opaque,692.7746
mina,miniera,1,opaque,611.1189
nave,navetta,1,opaque,520.2005
ombra,ombrello,1,opaque,541.2153
orma,ormeggio,1,opaque,576.7304
oste,ostaggio,1,opaque,659.48865
pieta,pietanza,1,opaque,591.5695
pigna,pignolo,1,opaque,576.67115
polo,polenta,1,opaque,675.83575
porco,porcino,1,opaque,537.8949
pulce,pulcino,1,opaque,540.98025
quiete,quietanza,1,opaque,644.9481
ramo,ramino,1,opaque,598.1268
rete,retaggio,1,opaque,573.76065
retta,rettile,1,opaque,591.65125
ricetta,ricettazione,1,opaque,552.8753
salmo,salmone,1,opaque,695.3578
scalpo,scalpello,1,opaque,764.7659
scontro,scontrino,1,opaque,634.8553
secchio,secchione,1,opaque,526.5131
sosta,sostanza,1,opaque,653.532
spunto,spuntino,1,opaque,575.162
stiva,stivale,1,opaque,650.1343
tacco,tacchino,1,opaque,588.70705
tassa,tassello,1,opaque,584.7187
tatto,tattico,1,opaque,520.13315
tempera,temperanza,1,opaque,709.2666
testa,testamento,1,opaque,492.7469
tifo,tifone,1,opaque,642.2255
tosse,tossina,1,opaque,515.5135
valle,valletto,1,opaque,586.2747
vanto,vantaggio,1,opaque,549.1117
vino,vinile,1,opaque,525.8393
viola,violenza,1,opaque,549.3895
vite,vitello,1,opaque,557.56335
abito,abitudine,2,opaque,553.93605
artiglio,artigliere,2,opaque,645.3352
asta,astuccio,2,opaque,557.4972
ballo,ballatoio,2,opaque,579.5941
bara,barella,2,opaque,550.91285
bile,bilico,2,opaque,676.9491
boccia,bocciolo,2,opaque,533.7896
bordo,bordello,2,opaque,571.54345
botte,bottino,2,opaque,557.8454
botto,bottone,2,opaque,592.7193
branda,brandello,2,opaque,773.2329
briga,brigante,2,opaque,766.59215
bullo,bullone,2,opaque,532.30875
burro,burrone,2,opaque,580.4498
calvo,calvario,2,opaque,642.5567
cane,canaglia,2,opaque,523.06275
cancello,cancelliere,2,opaque,572.5194
canotta,canottaggio,2,opaque,603.4526
canto,cantina,2,opaque,527.01405
capo,capienza,2,opaque,618.3214
cappa,cappone,2,opaque,717.1089
carro,carriera,2,opaque,636.4406
cavia,caviale,2,opaque,612.0632
colla,colletta,2,opaque,617.67455
colle,collezione,2,opaque,614.67335
cono,conato,2,opaque,549.14915
coro,corona,2,opaque,566.1997
corso,corsetto,2,opaque,543.8198
coscia,coscienza,2,opaque,582.8988
costa,costanza,2,opaque,551.55375
dente,dentello,2,opaque,600.34365
doga,dogana,2,opaque,649.33285
equo,equino,2,opaque,611.4743
falco,falcata,2,opaque,562.2163
fattore,fattorino,2,opaque,576.875
fiore,fioretto,2,opaque,541.5463
firma,firmamento,2,opaque,565.9035
foca,focaccia,2,opaque,623.2687
folle,folletto,2,opaque,557.60545
fonte,fontina,2,opaque,542.2008
forma,formaggio,2,opaque,576.90285
forza,forziere,2,opaque,508.8985
fosso,fossile,2,opaque,565.9761
gallo,gallone,2,opaque,548.4391
gara,garante,2,opaque,640.3685
gelo,geloso,2,opaque,598.2368
genero,generoso,2,opaque,659.63455
gesta,gestazione,2,opaque,588.0123
getto,gettone,2,opaque,631.97115
giro,girino,2,opaque,581.21275
grano,granata,2,opaque,597.21045
indole,indolenza,2,opaque,725.6028
lampo,lampone,2,opaque,565.4493
maestra,maestranza,2,opaque,556.9492
mago,magone,2,opaque,659.90475
masso,massaggio,2,opaque,625.1346
matto,mattanza,2,opaque,467.7001
mela,melone,2,opaque,547.74935
merlo,merletto,2,opaque,563.5831
mimo,mimosa,2,opaque,713.9947
mina,miniera,2,opaque,621.7851
nave,navetta,2,opaque,504.3631
ombra,ombrello,2,opaque,540.154
orma,ormeggio,2,opaque,621.35475
oste,ostaggio,2,opaque,665.581
pieta,pietanza,2,opaque,576.98075
pigna,pignolo,2,opaque,566.3433
polo,polenta,2,opaque,547.26425
porco,porcino,2,opaque,575.68535
pulce,pulcino,2,opaque,573.2127
quiete,quietanza,2,opaque,643.08605
ramo,ramino,2,opaque,559.5256
rete,retaggio,2,opaque,568.4705
retta,rettile,2,opaque,557.331
ricetta,ricettazione,2,opaque,552.3659
salmo,salmone,2,opaque,572.94125
scalpo,scalpello,2,opaque,673.43145
scontro,scontrino,2,opaque,553.00505
secchio,secchione,2,opaque,512.1913
sosta,sostanza,2,opaque,589.1511
spunto,spuntino,2,opaque,568.5458
stiva,stivale,2,opaque,572.34395
tacco,tacchino,2,opaque,542.2705
tassa,tassello,2,opaque,601.7381
tatto,tattico,2,opaque,530.209
tempera,temperanza,2,opaque,653.4207
testa,testamento,2,opaque,528.38655
tifo,tifone,2,opaque,566.81485
tosse,tossina,2,opaque,552.9752
valle,valletto,2,opaque,593.8088
vanto,vantaggio,2,opaque,538.2795
vino,vinile,2,opaque,538.9573
viola,violenza,2,opaque,566.7372
vite,vitello,2,opaque,598.8467
abito,abitudine,3,opaque,559.9973
artiglio,artigliere,3,opaque,590.6707
asta,astuccio,3,opaque,631.02235
ballo,ballatoio,3,opaque,497.8784
bara,barella,3,opaque,557.7013
bile,bilico,3,opaque,748.4425
boccia,bocciolo,3,opaque,544.4638
bordo,bordello,3,opaque,569.6896
botte,bottino,3,opaque,518.08895
botto,bottone,3,opaque,530.554
branda,brandello,3,opaque,663.1528
briga,brigante,3,opaque,782.6667
bullo,bullone,3,opaque,561.60105
burro,burrone,3,opaque,584.2357
calvo,calvario,3,opaque,578.8682
cane,canaglia,3,opaque,506.1447
cancello,cancelliere,3,opaque,626.0525
canotta,canottaggio,3,opaque,657.2222
canto,cantina,3,opaque,539.7318
capo,capienza,3,opaque,574.61175
cappa,cappone,3,opaque,620.5187
carro,carriera,3,opaque,552.2438
cavia,caviale,3,opaque,631.21745
colla,colletta,3,opaque,536.77975
colle,collezione,3,opaque,595.0539
cono,conato,3,opaque,574.289
coro,corona,3,opaque,542.59295
corso,corsetto,3,opaque,559.09485
coscia,coscienza,3,opaque,665.7374
costa,costanza,3,opaque,549.61565
dente,dentello,3,opaque,538.1272
doga,dogana,3,opaque,695.3333
equo,equino,3,opaque,768.8727
falco,falcata,3,opaque,514.56
fattore,fattorino,3,opaque,609.0595
fiore,fioretto,3,opaque,505.1074
firma,firmamento,3,opaque,546.6645
foca,focaccia,3,opaque,559.0334
folle,folletto,3,opaque,540.9221
fonte,fontina,3,opaque,532.56255
forma,formaggio,3,opaque,517.2278
forza,forziere,3,opaque,519.68325
fosso,fossile,3,opaque,556.6161
gallo,gallone,3,opaque,537.5952
gara,garante,3,opaque,584.4382
gelo,geloso,3,opaque,582.90455
genero,generoso,3,opaque,674.3671
gesta,gestazione,3,opaque,638.2688
getto,gettone,3,opaque,647.68485
giro,girino,3,opaque,533.77345
grano,granata,3,opaque,593.2299
indole,indolenza,3,opaque,641.3911
lampo,lampone,3,opaque,568.9139
maestra,maestranza,3,opaque,582.003
mago,magone,3,opaque,556.1395
masso,massaggio,3,opaque,604.4706
matto,mattanza,3,opaque,538.91205
mela,melone,3,opaque,551.5784
merlo,merletto,3,opaque,566.4139
mimo,mimosa,3,opaque,670.9489
mina,miniera,3,opaque,592.7964
nave,navetta,3,opaque,527.1181
ombra,ombrello,3,opaque,531.4193
orma,ormeggio,3,opaque,685.3601
oste,ostaggio,3,opaque,556.7517
pieta,pietanza,3,opaque,598.37665
pigna,pignolo,3,opaque,565.316
polo,polenta,3,opaque,646.8356
porco,porcino,3,opaque,555.2121
pulce,pulcino,3,opaque,594.1813
quiete,quietanza,3,opaque,573.3697
ramo,ramino,3,opaque,564.8643
rete,retaggio,3,opaque,550.4014
retta,rettile,3,opaque,646.392
ricetta,ricettazione,3,opaque,566.7932
salmo,salmone,3,opaque,574.6194
scalpo,scalpello,3,opaque,616.5818
scontro,scontrino,3,opaque,601.4098
secchio,secchione,3,opaque,568.7681
sosta,sostanza,3,opaque,606.7861
spunto,spuntino,3,opaque,578.7145
stiva,stivale,3,opaque,602.8891
tacco,tacchino,3,opaque,540.6586
tassa,tassello,3,opaque,548.62195
tatto,tattico,3,opaque,500.3615
tempera,temperanza,3,opaque,716.9695
testa,testamento,3,opaque,548.08705
tifo,tifone,3,opaque,704.2041
tosse,tossina,3,opaque,515.3787
valle,valletto,3,opaque,527.6137
vanto,vantaggio,3,opaque,624.2746
vino,vinile,3,opaque,509.90035
viola,violenza,3,opaque,523.0435
vite,vitello,3,opaque,571.1748
abito,abitudine,4,opaque,551.0575
artiglio,artigliere,4,opaque,650.3135
asta,astuccio,4,opaque,591.8526
ballo,ballatoio,4,opaque,521.2095
bara,barella,4,opaque,584.5585
bile,bilico,4,opaque,655.8285
boccia,bocciolo,4,opaque,531.7213
bordo,bordello,4,opaque,612.6973
botte,bottino,4,opaque,544.0583
botto,bottone,4,opaque,581.1727
branda,brandello,4,opaque,647.5413
briga,brigante,4,opaque,690.784
bullo,bullone,4,opaque,553.4541
burro,burrone,4,opaque,533.846
calvo,calvario,4,opaque,601.1324
cane,canaglia,4,opaque,520.4459
cancello,cancelliere,4,opaque,528.96485
canotta,canottaggio,4,opaque,663.4257
canto,cantina,4,opaque,539.02635
capo,capienza,4,opaque,531.9185
cappa,cappone,4,opaque,744.4397
carro,carriera,4,opaque,556.49085
cavia,caviale,4,opaque,596.6927
colla,colletta,4,opaque,553.3188
colle,collezione,4,opaque,617.34965
cono,conato,4,opaque,613.6361
coro,corona,4,opaque,526.9256
corso,corsetto,4,opaque,602.3868
coscia,coscienza,4,opaque,579.3846
costa,costanza,4,opaque,575.28915
dente,dentello,4,opaque,546.3848
doga,dogana,4,opaque,564.61425
equo,equino,4,opaque,632.245
falco,falcata,4,opaque,594.8925
fattore,fattorino,4,opaque,533.19415
fiore,fioretto,4,opaque,544.12405
firma,firmamento,4,opaque,533.55545
foca,focaccia,4,opaque,568.6588
folle,folletto,4,opaque,581.2284
fonte,fontina,4,opaque,520.6913
forma,formaggio,4,opaque,525.1236
forza,forziere,4,opaque,518.6144
fosso,fossile,4,opaque,587.1175
gallo,gallone,4,opaque,502.4192
gara,garante,4,opaque,542.5295
gelo,geloso,4,opaque,581.0373
genero,generoso,4,opaque,606.6632
gesta,gestazione,4,opaque,624.7052
getto,gettone,4,opaque,591.16915
giro,girino,4,opaque,591.88035
grano,granata,4,opaque,577.4468
indole,indolenza,4,opaque,641.3987
lampo,lampone,4,opaque,562.98975
maestra,maestranza,4,opaque,601.7058
mago,magone,4,opaque,555.3498
masso,massaggio,4,opaque,662.0859
matto,mattanza,4,opaque,498.4337
mela,melone,4,opaque,557.50245
merlo,merletto,4,opaque,593.1272
mimo,mimosa,4,opaque,650.22585
mina,miniera,4,opaque,548.6966
nave,navetta,4,opaque,517.445
ombra,ombrello,4,opaque,523.9523
orma,ormeggio,4,opaque,612.0261
oste,ostaggio,4,opaque,571.5717
pieta,pietanza,4,opaque,574.8394
pigna,pignolo,4,opaque,603.68365
polo,polenta,4,opaque,565.8262
porco,porcino,4,opaque,524.4002
pulce,pulcino,4,opaque,518.7713
quiete,quietanza,4,opaque,626.5127
ramo,ramino,4,opaque,595.6045
rete,retaggio,4,opaque,543.5152
retta,rettile,4,opaque,561.4781
ricetta,ricettazione,4,opaque,570.4498
salmo,salmone,4,opaque,561.4738
scalpo,scalpello,4,opaque,556.27505
scontro,scontrino,4,opaque,541.219
secchio,secchione,4,opaque,556.14635
sosta,sostanza,4,opaque,580.60815
spunto,spuntino,4,opaque,579.8809
stiva,stivale,4,opaque,612.0046
tacco,tacchino,4,opaque,558.3542
tassa,tassello,4,opaque,558.54
tatto,tattico,4,opaque,505.6781
tempera,temperanza,4,opaque,629.5671
testa,testamento,4,opaque,535.3149
tifo,tifone,4,opaque,634.4295
tosse,tossina,4,opaque,546.3297
valle,valletto,4,opaque,556.2273
vanto,vantaggio,4,opaque,569.7183
vino,vinile,4,opaque,525.5686
viola,violenza,4,opaque,495.5064
vite,vitello,4,opaque,593.5668
abito,abitudine,5,opaque,571.0553
artiglio,artigliere,5,opaque,640.42
asta,astuccio,5,opaque,583.3415
ballo,ballatoio,5,opaque,570.3806
bara,barella,5,opaque,535.111
bile,bilico,5,opaque,679.0613
boccia,bocciolo,5,opaque,574.2074
bordo,bordello,5,opaque,632.6709
botte,bottino,5,opaque,494.17015
botto,bottone,5,opaque,571.38055
branda,brandello,5,opaque,573.5046
briga,brigante,5,opaque,651.2674
bullo,bullone,5,opaque,530.3588
burro,burrone,5,opaque,521.33765
calvo,calvario,5,opaque,627.8469
cane,canaglia,5,opaque,501.7943
cancello,cancelliere,5,opaque,569.13775
canotta,canottaggio,5,opaque,583.1396
canto,cantina,5,opaque,508.575
capo,capienza,5,opaque,558.0018
cappa,cappone,5,opaque,633.8794
carro,carriera,5,opaque,548.56955
cavia,caviale,5,opaque,603.2704
colla,colletta,5,opaque,537.5718
colle,collezione,5,opaque,606.8228
cono,conato,5,opaque,530.0647
coro,corona,5,opaque,624.9354
corso,corsetto,5,opaque,559.75935
coscia,coscienza,5,opaque,648.4287
costa,costanza,5,opaque,568.4732
dente,dentello,5,opaque,515.1705
doga,dogana,5,opaque,688.2832
equo,equino,5,opaque,679.2539
falco,falcata,5,opaque,564.8219
fattore,fattorino,5,opaque,540.0443
fiore,fioretto,5,opaque,527.8848
firma,firmamento,5,opaque,592.46925
foca,focaccia,5,opaque,582.7832
folle,folletto,5,opaque,547.2898
fonte,fontina,5,opaque,532.7153
forma,formaggio,5,opaque,575.09115
forza,forziere,5,opaque,517.7805
fosso,fossile,5,opaque,600.8028
gallo,gallone,5,opaque,523.5205
gara,garante,5,opaque,563.1089
gelo,geloso,5,opaque,593.25005
genero,generoso,5,opaque,662.46055
gesta,gestazione,5,opaque,633.4695
getto,gettone,5,opaque,582.86065
giro,girino,5,opaque,610.1038
grano,granata,5,opaque,582.1609
indole,indolenza,5,opaque,671.0063
lampo,lampone,5,opaque,513.1981
maestra,maestranza,5,opaque,568.2841
mago,magone,5,opaque,569.2713
masso,massaggio,5,opaque,655.12605
matto,mattanza,5,opaque,527.4688
mela,melone,5,opaque,511.0688
merlo,merletto,5,opaque,601.0136
mimo,mimosa,5,opaque,644.8963
mina,miniera,5,opaque,597.6953
nave,navetta,5,opaque,561.8995
ombra,ombrello,5,opaque,517.5999
orma,ormeggio,5,opaque,576.2363
oste,ostaggio,5,opaque,608.8181
pieta,pietanza,5,opaque,530.9655
pigna,pignolo,5,opaque,511.3199
polo,polenta,5,opaque,604.6056
porco,porcino,5,opaque,610.3044
pulce,pulcino,5,opaque,513.3575
quiete,quietanza,5,opaque,659.2993
ramo,ramino,5,opaque,571.2805
rete,retaggio,5,opaque,592.6804
retta,rettile,5,opaque,555.42995
ricetta,ricettazione,5,opaque,551.604
salmo,salmone,5,opaque,642.8066
scalpo,scalpello,5,opaque,646.0448
scontro,scontrino,5,opaque,591.2525
secchio,secchione,5,opaque,630.4294
sosta,sostanza,5,opaque,502.449
spunto,spuntino,5,opaque,523.452
stiva,stivale,5,opaque,575.2589
tacco,tacchino,5,opaque,548.948
tassa,tassello,5,opaque,561.0157
tatto,tattico,5,opaque,516.699
tempera,temperanza,5,opaque,609.39
testa,testamento,5,opaque,555.0208
tifo,tifone,5,opaque,641.1553
tosse,tossina,5,opaque,507.02945
valle,valletto,5,opaque,527.919
vanto,vantaggio,5,opaque,617.6193
vino,vinile,5,opaque,487.1274
viola,violenza,5,opaque,567.04425
vite,vitello,5,opaque,565.9468
abito,abitudine,6,opaque,574.1583
artiglio,artigliere,6,opaque,549.77615
asta,astuccio,6,opaque,596.6817
ballo,ballatoio,6,opaque,582.6996
bara,barella,6,opaque,480.48325
bile,bilico,6,opaque,616.17825
boccia,bocciolo,6,opaque,456.2024
bordo,bordello,6,opaque,534.3831
botte,bottino,6,opaque,559.4356
botto,bottone,6,opaque,581.8099
branda,brandello,6,opaque,608.44095
briga,brigante,6,opaque,752.6264
bullo,bullone,6,opaque,558.4396
burro,burrone,6,opaque,526.71835
calvo,calvario,6,opaque,541.98785
cane,canaglia,6,opaque,506.99625
cancello,cancelliere,6,opaque,581.27305
canotta,canottaggio,6,opaque,588.2315
canto,cantina,6,opaque,580.3894
capo,capienza,6,opaque,513.72855
cappa,cappone,6,opaque,561.8051
carro,carriera,6,opaque,580.1367
cavia,caviale,6,opaque,601.0161
colla,colletta,6,opaque,558.4055
colle,collezione,6,opaque,583.4827
cono,conato,6,opaque,546.1177
coro,corona,6,opaque,623.6576
corso,corsetto,6,opaque,537.0451
coscia,coscienza,6,opaque,608.1016
costa,costanza,6,opaque,592.3718
dente,dentello,6,opaque,542.839
doga,dogana,6,opaque,629.3954
equo,equino,6,opaque,722.3936
falco,falcata,6,opaque,586.6182
fattore,fattorino,6,opaque,612.197
fiore,fioretto,6,opaque,544.3132
firma,firmamento,6,opaque,521.503
foca,focaccia,6,opaque,620.9781
folle,folletto,6,opaque,516.6765
fonte,fontina,6,opaque,566.9167
forma,formaggio,6,opaque,542.0961
forza,forziere,6,opaque,494.50305
fosso,fossile,6,opaque,559.4592
gallo,gallone,6,opaque,515.9755
gara,garante,6,opaque,533.8023
gelo,geloso,6,opaque,533.46035
genero,generoso,6,opaque,627.2163
gesta,gestazione,6,opaque,643.33285
getto,gettone,6,opaque,591.4088
giro,girino,6,opaque,554.9277
grano,granata,6,opaque,590.8187
indole,indolenza,6,opaque,675.565
lampo,lampone,6,opaque,526.1193
maestra,maestranza,6,opaque,591.4634
mago,magone,6,opaque,583.4943
masso,massaggio,6,opaque,647.6034
matto,mattanza,6,opaque,537.1005
mela,melone,6,opaque,530.63655
merlo,merletto,6,opaque,594.7725
mimo,mimosa,6,opaque,629.0766
mina,miniera,6,opaque,621.7064
nave,navetta,6,opaque,493.6391
ombra,ombrello,6,opaque,516.958
orma,ormeggio,6,opaque,588.42135
oste,ostaggio,6,opaque,610.99765
pieta,pietanza,6,opaque,560.30745
pigna,pignolo,6,opaque,607.9521
polo,polenta,6,opaque,600.8322
porco,porcino,6,opaque,551.8628
pulce,pulcino,6,opaque,497.8005
quiete,quietanza,6,opaque,602.0894
ramo,ramino,6,opaque,542.7981
rete,retaggio,6,opaque,555.798
retta,rettile,6,opaque,547.50315
ricetta,ricettazione,6,opaque,554.0174
salmo,salmone,6,opaque,582.73625
scalpo,scalpello,6,opaque,733.4013
scontro,scontrino,6,opaque,566.1035
secchio,secchione,6,opaque,535.0846
sosta,sostanza,6,opaque,632.3668
spunto,spuntino,6,opaque,658.228
stiva,stivale,6,opaque,638.45385
tacco,tacchino,6,opaque,564.68045
tassa,tassello,6,opaque,493.2196
tatto,tattico,6,opaque,570.4735
tempera,temperanza,6,opaque,707.7453
testa,testamento,6,opaque,513.1672
tifo,tifone,6,opaque,667.7795
tosse,tossina,6,opaque,495.8592
valle,valletto,6,opaque,598.2617
vanto,vantaggio,6,opaque,590.7919
vino,vinile,6,opaque,524.90695
viola,violenza,6,opaque,538.5661
vite,vitello,6,opaque,602.1477
abito,abitudine,7,opaque,556.498
artiglio,artigliere,7,opaque,557.7127
asta,astuccio,7,opaque,635.5058
ballo,ballatoio,7,opaque,505.5866
bara,barella,7,opaque,561.0759
bile,bilico,7,opaque,683.0465
boccia,bocciolo,7,opaque,521.23915
bordo,bordello,7,opaque,656.9162
botte,bottino,7,opaque,499.7569
botto,bottone,7,opaque,551.1553
branda,brandello,7,opaque,657.9831
briga,brigante,7,opaque,640.22905
bullo,bullone,7,opaque,521.0183
burro,burrone,7,opaque,554.10445
calvo,calvario,7,opaque,663.3042
cane,canaglia,7,opaque,494.9887
cancello,cancelliere,7,opaque,514.1258
canotta,canottaggio,7,opaque,562.87155
canto,cantina,7,opaque,559.216
capo,capienza,7,opaque,537.4143
cappa,cappone,7,opaque,643.75595
carro,carriera,7,opaque,531.33535
cavia,caviale,7,opaque,554.4381
colla,colletta,7,opaque,525.95615
colle,collezione,7,opaque,581.5347
cono,conato,7,opaque,611.8338
coro,corona,7,opaque,571.10395
corso,corsetto,7,opaque,520.1409
coscia,coscienza,7,opaque,631.2485
costa,costanza,7,opaque,573.20545
dente,dentello,7,opaque,513.9976
doga,dogana,7,opaque,633.48535
equo,equino,7,opaque,668.7942
falco,falcata,7,opaque,554.5182
fattore,fattorino,7,opaque,555.2041
fiore,fioretto,7,opaque,536.38305
firma,firmamento,7,opaque,564.68485
foca,focaccia,7,opaque,636.175
folle,folletto,7,opaque,564.0622
fonte,fontina,7,opaque,551.6121
forma,formaggio,7,opaque,582.9718
forza,forziere,7,opaque,528.5421
fosso,fossile,7,opaque,583.0721
gallo,gallone,7,opaque,522.53945
gara,garante,7,opaque,556.0185
gelo,geloso,7,opaque,598.3312
genero,generoso,7,opaque,590.10745
gesta,gestazione,7,opaque,597.67865
getto,gettone,7,opaque,564.23555
giro,girino,7,opaque,597.9347
grano,granata,7,opaque,565.3568
indole,indolenza,7,opaque,734.14595
lampo,lampone,7,opaque,570.1534
maestra,maestranza,7,opaque,549.3136
mago,magone,7,opaque,548.95305
masso,massaggio,7,opaque,722.479
matto,mattanza,7,opaque,494.2708
mela,melone,7,opaque,494.708
merlo,merletto,7,opaque,585.5052
mimo,mimosa,7,opaque,616.60435
mina,miniera,7,opaque,524.4347
nave,navetta,7,opaque,511.4363
ombra,ombrello,7,opaque,514.7949
orma,ormeggio,7,opaque,633.30075
oste,ostaggio,7,opaque,555.2208
pieta,pietanza,7,opaque,553.66865
pigna,pignolo,7,opaque,539.7728
polo,polenta,7,opaque,628.8164
porco,porcino,7,opaque,544.1248
pulce,pulcino,7,opaque,486.0824
quiete,quietanza,7,opaque,568.38525
ramo,ramino,7,opaque,586.163
rete,retaggio,7,opaque,528.6348
retta,rettile,7,opaque,588.5054
ricetta,ricettazione,7,opaque,532.9749
salmo,salmone,7,opaque,606.5731
scalpo,scalpello,7,opaque,557.5872
scontro,scontrino,7,opaque,584.0288
secchio,secchione,7,opaque,475.4695
sosta,sostanza,7,opaque,549.6271
spunto,spuntino,7,opaque,561.2467
stiva,stivale,7,opaque,634.9945
tacco,tacchino,7,opaque,543.6643
tassa,tassello,7,opaque,509.1383
tatto,tattico,7,opaque,507.51965
tempera,temperanza,7,opaque,744.4747
testa,testamento,7,opaque,519.91805
tifo,tifone,7,opaque,618.2334
tosse,tossina,7,opaque,535.2175
valle,valletto,7,opaque,582.21305
vanto,vantaggio,7,opaque,592.542
vino,vinile,7,opaque,518.6372
viola,violenza,7,opaque,538.3061
vite,vitello,7,opaque,598.9503
acero,acerbo,1,orthog,659.33365
amaro,amarcord,1,orthog,610.33735
ape,apice,1,orthog,615.606
banda,bandolo,1,orthog,523.1314
bar,baracca,1,orthog,598.95715
baratto,barattolo,1,orthog,705.7194
barba,barbiturico,1,orthog,575.2412
baro,barocco,1,orthog,574.1342
barra,barracuda,1,orthog,591.0145
bomba,bombola,1,orthog,537.5921
calco,calcolo,1,orthog,781.4368
cambio,cambusa,1,orthog,599.5966
canna,cannibale,1,orthog,568.3457
capra,capriola,1,orthog,550.9436
carne,carnevale,1,orthog,550.921
caro,carota,1,orthog,632.47525
casta,castagna,1,orthog,598.7389
circo,circuito,1,orthog,539.62995
cocco,coccodrillo,1,orthog,601.153
coda,codardo,1,orthog,586.6354
conca,conchiglia,1,orthog,707.6566
corda,cordoglio,1,orthog,554.98
corno,cornice,1,orthog,588.959
corte,corteccia,1,orthog,554.6588
costo,costume,1,orthog,564.8253
cupo,cupido,1,orthog,626.2192
dama,damigiana,1,orthog,560.36905
ditta,dittongo,1,orthog,567.7891
faccia,faccenda,1,orthog,527.0108
fame,famiglia,1,orthog,507.7333
faro,faringe,1,orthog,544.5915
feto,fetido,1,orthog,650.49245
foro,foresta,1,orthog,525.1703
fune,fungo,1,orthog,597.29195
gazza,gazzarra,1,orthog,598.03895
germe,germoglio,1,orthog,654.4644
ghianda,ghiandola,1,orthog,569.2442
giove,giovenca,1,orthog,586.5908
lama,lamento,1,orthog,518.752
latte,lattuga,1,orthog,524.71755
lava,lavagna,1,orthog,660.7607
lente,lenticchia,1,orthog,510.49965
lite,litio,1,orthog,628.62205
lume,lumaca,1,orthog,634.16265
maggio,maggioranza,1,orthog,608.5368
mandria,mandrillo,1,orthog,704.82685
mano,maniaco,1,orthog,522.5764
manto,mantide,1,orthog,592.4074
merce,mercurio,1,orthog,548.2644
meta,metallo,1,orthog,581.01985
mira,miracolo,1,orthog,655.2089
moda,moderno,1,orthog,509.9335
oblio,obliquo,1,orthog,644.4963
orco,orchestra,1,orthog,623.7835
organo,organza,1,orthog,630.2842
pacco,pacchia,1,orthog,560.5023
paga,pagoda,1,orthog,574.7269
palo,palestra,1,orthog,524.7753
palla,pallido,1,orthog,558.19835
palma,palmares,1,orthog,655.4304
panno,pannocchia,1,orthog,563.7999
papa,papiro,1,orthog,642.4479
perno,pernice,1,orthog,707.64495
piano,pianeta,1,orthog,497.5284
pinna,pinnacolo,1,orthog,610.4793
pista,pistola,1,orthog,539.2113
premio,premura,1,orthog,577.387
prode,prodigio,1,orthog,684.52455
raggio,raggiro,1,orthog,621.42745
rame,rampa,1,orthog,535.3483
rapa,rapace,1,orthog,639.5837
remo,remoto,1,orthog,597.28345
resto,restauro,1,orthog,570.0772
riva,rivale,1,orthog,675.3105
sacca,saccarosio,1,orthog,598.38775
salame,salamandra,1,orthog,554.37845
sala,salasso,1,orthog,600.5968
samba,sambuca,1,orthog,676.8311
scalo,scalogno,1,orthog,721.4648
scampo,scampolo,1,orthog,586.2165
sole,solido,1,orthog,562.89275
spia,spiaggia,1,orthog,582.7545
spina,spinaci,1,orthog,551.61785
tappo,tappeto,1,orthog,548.82675
tara,tariffa,1,orthog,663.47885
tartaro,tartaruga,1,orthog,694.7469
timo,timido,1,orthog,600.93175
torto,tortura,1,orthog,576.8432
trama,tramonto,1,orthog,579.3181
verga,vergogna,1,orthog,713.8918
vitto,vittima,1,orthog,678.1693
acero,acerbo,2,orthog,682.4798
amaro,amarcord,2,orthog,649.2258
ape,apice,2,orthog,558.4852
banda,bandolo,2,orthog,607.63445
bar,baracca,2,orthog,593.9757
baratto,barattolo,2,orthog,632.9418
barba,barbiturico,2,orthog,573.15665
baro,barocco,2,orthog,635.0311
barra,barracuda,2,orthog,653.2064
bomba,bombola,2,orthog,526.6714
calco,calcolo,2,orthog,624.1658
cambio,cambusa,2,orthog,600.8539
canna,cannibale,2,orthog,577.3418
capra,capriola,2,orthog,568.5816
carne,carnevale,2,orthog,538.4068
caro,carota,2,orthog,628.0207
casta,castagna,2,orthog,605.1928
circo,circuito,2,orthog,612.22995
cocco,coccodrillo,2,orthog,626.2299
coda,codardo,2,orthog,563.3299
conca,conchiglia,2,orthog,775.3066
corda,cordoglio,2,orthog,549.8599
corno,cornice,2,orthog,577.5175
corte,corteccia,2,orthog,554.30645
costo,costume,2,orthog,579.6319
cupo,cupido,2,orthog,630.362
dama,damigiana,2,orthog,555.4907
ditta,dittongo,2,orthog,533.6206
faccia,faccenda,2,orthog,527.6864
fame,famiglia,2,orthog,575.9138
faro,faringe,2,orthog,531.82075
feto,fetido,2,orthog,638.6355
foro,foresta,2,orthog,643.7878
fune,fungo,2,orthog,620.696
gazza,gazzarra,2,orthog,593.3981
germe,germoglio,2,orthog,577.74775
ghianda,ghiandola,2,orthog,657.3817
giove,giovenca,2,orthog,637.5629
lama,lamento,2,orthog,535.89075
latte,lattuga,2,orthog,584.3825
lava,lavagna,2,orthog,579.9179
lente,lenticchia,2,orthog,554.114
lite,litio,2,orthog,616.0043
lume,lumaca,2,orthog,708.9611
maggio,maggioranza,2,orthog,582.72945
mandria,mandrillo,2,orthog,662.0506
mano,maniaco,2,orthog,533.5212
manto,mantide,2,orthog,538.7469
merce,mercurio,2,orthog,627.5405
meta,metallo,2,orthog,527.9702
mira,miracolo,2,orthog,613.9358
moda,moderno,2,orthog,542.6303
oblio,obliquo,2,orthog,707.69605
orco,orchestra,2,orthog,595.9843
organo,organza,2,orthog,624.7962
pacco,pacchia,2,orthog,561.90515
paga,pagoda,2,orthog,558.41615
palo,palestra,2,orthog,679.2733
palla,pallido,2,orthog,544.28315
palma,palmares,2,orthog,575.24115
panno,pannocchia,2,orthog,578.416
papa,papiro,2,orthog,596.50465
perno,pernice,2,orthog,688.56205
piano,pianeta,2,orthog,566.4066
pinna,pinnacolo,2,orthog,581.9286
pista,pistola,2,orthog,559.3029
premio,premura,2,orthog,587.295
prode,prodigio,2,orthog,730.6097
raggio,raggiro,2,orthog,571.1149
rame,rampa,2,orthog,568.58
rapa,rapace,2,orthog,634.7835
remo,remoto,2,orthog,539.40365
resto,restauro,2,orthog,570.1494
riva,rivale,2,orthog,746.1916
sacca,saccarosio,2,orthog,639.6111
salame,salamandra,2,orthog,562.6741
sala,salasso,2,orthog,573.0386
samba,sambuca,2,orthog,729.23905
scalo,scalogno,2,orthog,604.9094
scampo,scampolo,2,orthog,693.6657
sole,solido,2,orthog,593.6776
spia,spiaggia,2,orthog,613.0899
spina,spinaci,2,orthog,517.48875
tappo,tappeto,2,orthog,581.4132
tara,tariffa,2,orthog,718.6935
tartaro,tartaruga,2,orthog,661.77025
timo,timido,2,orthog,570.6783
torto,tortura,2,orthog,550.7026
trama,tramonto,2,orthog,553.2819
verga,vergogna,2,orthog,756.1271
vitto,vittima,2,orthog,712.96825
acero,acerbo,3,orthog,646.65495
amaro,amarcord,3,orthog,579.3425
ape,apice,3,orthog,582.03815
banda,bandolo,3,orthog,540.6317
bar,baracca,3,orthog,620.2474
baratto,barattolo,3,orthog,640.4475
barba,barbiturico,3,orthog,536.5427
baro,barocco,3,orthog,830.89145
barra,barracuda,3,orthog,673.8466
bomba,bombola,3,orthog,549.7795
calco,calcolo,3,orthog,630.4269
cambio,cambusa,3,orthog,588.365
canna,cannibale,3,orthog,584.75685
capra,capriola,3,orthog,551.99535
carne,carnevale,3,orthog,532.0112
caro,carota,3,orthog,704.791
casta,castagna,3,orthog,585.0078
circo,circuito,3,orthog,555.2209
cocco,coccodrillo,3,orthog,609.0786
coda,codardo,3,orthog,561.4665
conca,conchiglia,3,orthog,732.7708
corda,cordoglio,3,orthog,550.25665
corno,cornice,3,orthog,574.6052
corte,corteccia,3,orthog,548.93775
costo,costume,3,orthog,620.0956
cupo,cupido,3,orthog,622.2423
dama,damigiana,3,orthog,569.0915
ditta,dittongo,3,orthog,550.0274
faccia,faccenda,3,orthog,537.6753
fame,famiglia,3,orthog,548.4
faro,faringe,3,orthog,576.7458
feto,fetido,3,orthog,593.6621
foro,foresta,3,orthog,574.3678
fune,fungo,3,orthog,622.381
gazza,gazzarra,3,orthog,651.7297
germe,germoglio,3,orthog,662.5178
ghianda,ghiandola,3,orthog,607.93945
giove,giovenca,3,orthog,720.0706
lama,lamento,3,orthog,578.6539
latte,lattuga,3,orthog,527.26025
lava,lavagna,3,orthog,703.507
lente,lenticchia,3,orthog,592.7592
lite,litio,3,orthog,560.2471
lume,lumaca,3,orthog,730.74305
maggio,maggioranza,3,orthog,604.546
mandria,mandrillo,3,orthog,680.9825
mano,maniaco,3,orthog,553.5074
manto,mantide,3,orthog,628.1143
merce,mercurio,3,orthog,617.01025
meta,metallo,3,orthog,610.6118
mira,miracolo,3,orthog,632.4003
moda,moderno,3,orthog,510.9812
oblio,obliquo,3,orthog,694.2971
orco,orchestra,3,orthog,540.8135
organo,organza,3,orthog,580.4954
pacco,pacchia,3,orthog,556.269
paga,pagoda,3,orthog,646.0077
palo,palestra,3,orthog,533.052
palla,pallido,3,orthog,533.4841
palma,palmares,3,orthog,591.52605
panno,pannocchia,3,orthog,636.544
papa,papiro,3,orthog,602.1957
perno,pernice,3,orthog,635.9069
piano,pianeta,3,orthog,581.42315
pinna,pinnacolo,3,orthog,535.2328
pista,pistola,3,orthog,594.3139
premio,premura,3,orthog,630.10145
prode,prodigio,3,orthog,822.589
raggio,raggiro,3,orthog,561.816
rame,rampa,3,orthog,564.7148
rapa,rapace,3,orthog,633.735
remo,remoto,3,orthog,592.0722
resto,restauro,3,orthog,660.0518
riva,rivale,3,orthog,564.32635
sacca,saccarosio,3,orthog,568.0163
salame,salamandra,3,orthog,608.1884
sala,salasso,3,orthog,592.0306
samba,sambuca,3,orthog,616.8539
scalo,scalogno,3,orthog,615.4294
scampo,scampolo,3,orthog,637.133
sole,solido,3,orthog,655.7322
spia,spiaggia,3,orthog,592.905
spina,spinaci,3,orthog,559.6724
tappo,tappeto,3,orthog,559.0843
tara,tariffa,3,orthog,678.4906
tartaro,tartaruga,3,orthog,702.6858
timo,timido,3,orthog,597.32145
torto,tortura,3,orthog,536.04015
trama,tramonto,3,orthog,606.3265
verga,vergogna,3,orthog,658.4401
vitto,vittima,3,orthog,695.18995
acero,acerbo,4,orthog,673.7856
amaro,amarcord,4,orthog,598.095
ape,apice,4,orthog,533.1212
banda,bandolo,4,orthog,571.80025
bar,baracca,4,orthog,606.8576
baratto,barattolo,4,orthog,648.8897
barba,barbiturico,4,orthog,567.0943
baro,barocco,4,orthog,726.0178
barra,barracuda,4,orthog,555.11155
bomba,bombola,4,orthog,509.89105
calco,calcolo,4,orthog,774.9475
cambio,cambusa,4,orthog,593.1636
canna,cannibale,4,orthog,540.75265
capra,capriola,4,orthog,523.9202
carne,carnevale,4,orthog,516.1853
caro,carota,4,orthog,639.18165
casta,castagna,4,orthog,701.8044
circo,circuito,4,orthog,584.3929
cocco,coccodrillo,4,orthog,656.7889
coda,codardo,4,orthog,540.18745
conca,conchiglia,4,orthog,673.6134
corda,cordoglio,4,orthog,531.876
corno,cornice,4,orthog,533.06965
corte,corteccia,4,orthog,552.76895
costo,costume,4,orthog,577.3498
cupo,cupido,4,orthog,605.6778
dama,damigiana,4,orthog,584.4244
ditta,dittongo,4,orthog,600.7182
faccia,faccenda,4,orthog,500.9056
fame,famiglia,4,orthog,520.8685
faro,faringe,4,orthog,536.8443
feto,fetido,4,orthog,674.9076
foro,foresta,4,orthog,643.53485
fune,fungo,4,orthog,602.6158
gazza,gazzarra,4,orthog,644.18095
germe,germoglio,4,orthog,605.10145
ghianda,ghiandola,4,orthog,592.6165
giove,giovenca,4,orthog,694.0468
lama,lamento,4,orthog,546.0832
latte,lattuga,4,orthog,514.171
lava,lavagna,4,orthog,615.52545
lente,lenticchia,4,orthog,557.3627
lite,litio,4,orthog,554.18975
lume,lumaca,4,orthog,704.7364
maggio,maggioranza,4,orthog,617.8826
mandria,mandrillo,4,orthog,640.00565
mano,maniaco,4,orthog,545.622
manto,mantide,4,orthog,636.46555
merce,mercurio,4,orthog,607.1197
meta,metallo,4,orthog,561.91215
mira,miracolo,4,orthog,544.8159
moda,moderno,4,orthog,580.44655
oblio,obliquo,4,orthog,672.27145
orco,orchestra,4,orthog,583.3877
organo,organza,4,orthog,563.6173
pacco,pacchia,4,orthog,579.0154
paga,pagoda,4,orthog,635.0377
palo,palestra,4,orthog,606.8719
palla,pallido,4,orthog,545.85115
palma,palmares,4,orthog,609.6191
panno,pannocchia,4,orthog,553.3058
papa,papiro,4,orthog,632.1189
perno,pernice,4,orthog,667.3246
piano,pianeta,4,orthog,540.6202
pinna,pinnacolo,4,orthog,539.447
pista,pistola,4,orthog,527.6178
premio,premura,4,orthog,616.7649
prode,prodigio,4,orthog,706.4901
raggio,raggiro,4,orthog,601.4847
rame,rampa,4,orthog,519.0073
rapa,rapace,4,orthog,614.02115
remo,remoto,4,orthog,577.9557
resto,restauro,4,orthog,623.4267
riva,rivale,4,orthog,638.3494
sacca,saccarosio,4,orthog,591.3077
salame,salamandra,4,orthog,586.70565
sala,salasso,4,orthog,561.6161
samba,sambuca,4,orthog,725.5696
scalo,scalogno,4,orthog,638.51105
scampo,scampolo,4,orthog,630.0503
sole,solido,4,orthog,564.1757
spia,spiaggia,4,orthog,608.2292
spina,spinaci,4,orthog,559.1099
tappo,tappeto,4,orthog,532.41745
tara,tariffa,4,orthog,728.3826
tartaro,tartaruga,4,orthog,771.1754
timo,timido,4,orthog,667.8776
torto,tortura,4,orthog,627.0555
trama,tramonto,4,orthog,575.7549
verga,vergogna,4,orthog,696.7266
vitto,vittima,4,orthog,699.5738
acero,acerbo,5,orthog,655.2655
amaro,amarcord,5,orthog,612.0613
ape,apice,5,orthog,558.61065
banda,bandolo,5,orthog,593.5062
bar,baracca,5,orthog,581.29215
baratto,barattolo,5,orthog,592.51995
barba,barbiturico,5,orthog,573.8429
baro,barocco,5,orthog,718.43795
barra,barracuda,5,orthog,550.18025
bomba,bombola,5,orthog,529.9878
calco,calcolo,5,orthog,742.83245
cambio,cambusa,5,orthog,579.4917
canna,cannibale,5,orthog,497.0705
capra,capriola,5,orthog,579.6096
carne,carnevale,5,orthog,546.617
caro,carota,5,orthog,551.9598
casta,castagna,5,orthog,620.2854
circo,circuito,5,orthog,587.62425
cocco,coccodrillo,5,orthog,552.39525
coda,codardo,5,orthog,562.55475
conca,conchiglia,5,orthog,639.1663
corda,cordoglio,5,orthog,514.3613
corno,cornice,5,orthog,523.9667
corte,corteccia,5,orthog,539.325
costo,costume,5,orthog,601.6192
cupo,cupido,5,orthog,592.85245
dama,damigiana,5,orthog,559.07885
ditta,dittongo,5,orthog,589.1616
faccia,faccenda,5,orthog,504.199
fame,famiglia,5,orthog,569.7576
faro,faringe,5,orthog,570.0558
feto,fetido,5,orthog,622.954
foro,foresta,5,orthog,552.72815
fune,fungo,5,orthog,626.8849
gazza,gazzarra,5,orthog,623.893
germe,germoglio,5,orthog,577.1948
ghianda,ghiandola,5,orthog,541.4888
giove,giovenca,5,orthog,641.2856
lama,lamento,5,orthog,550.1403
latte,lattuga,5,orthog,540.7044
lava,lavagna,5,orthog,598.9299
lente,lenticchia,5,orthog,532.8815
lite,litio,5,orthog,697.1496
lume,lumaca,5,orthog,617.8697
maggio,maggioranza,5,orthog,621.6149
mandria,mandrillo,5,orthog,707.84135
mano,maniaco,5,orthog,555.7575
manto,mantide,5,orthog,599.4978
merce,mercurio,5,orthog,572.2626
meta,metallo,5,orthog,547.8838
mira,miracolo,5,orthog,569.477
moda,moderno,5,orthog,545.1111
oblio,obliquo,5,orthog,658.5979
orco,orchestra,5,orthog,564.20565
organo,organza,5,orthog,530.236
pacco,pacchia,5,orthog,541.6148
paga,pagoda,5,orthog,607.1076
palo,palestra,5,orthog,545.58955
palla,pallido,5,orthog,550.55005
palma,palmares,5,orthog,589.89475
panno,pannocchia,5,orthog,548.86555
papa,papiro,5,orthog,615.6619
perno,pernice,5,orthog,609.87995
piano,pianeta,5,orthog,569.1284
pinna,pinnacolo,5,orthog,534.6436
pista,pistola,5,orthog,639.4899
premio,premura,5,orthog,604.5567
prode,prodigio,5,orthog,678.4951
raggio,raggiro,5,orthog,584.0791
rame,rampa,5,orthog,537.9076
rapa,rapace,5,orthog,672.3029
remo,remoto,5,orthog,536.5351
resto,restauro,5,orthog,621.44935
riva,rivale,5,orthog,584.597
sacca,saccarosio,5,orthog,613.1132
salame,salamandra,5,orthog,594.7913
sala,salasso,5,orthog,532.6958
samba,sambuca,5,orthog,630.1512
scalo,scalogno,5,orthog,611.3997
scampo,scampolo,5,orthog,675.563
sole,solido,5,orthog,566.50805
spia,spiaggia,5,orthog,624.4403
spina,spinaci,5,orthog,584.9341
tappo,tappeto,5,orthog,536.1331
tara,tariffa,5,orthog,672.5416
tartaro,tartaruga,5,orthog,674.7465
timo,timido,5,orthog,596.2169
torto,tortura,5,orthog,592.9403
trama,tramonto,5,orthog,624.618
verga,vergogna,5,orthog,818.7734
vitto,vittima,5,orthog,707.02485
acero,acerbo,6,orthog,751.5162
amaro,amarcord,6,orthog,586.3202
ape,apice,6,orthog,582.7729
banda,bandolo,6,orthog,531.1674
bar,baracca,6,orthog,567.1733
baratto,barattolo,6,orthog,594.1436
barba,barbiturico,6,orthog,539.3568
baro,barocco,6,orthog,619.9303
barra,barracuda,6,orthog,592.6615
bomba,bombola,6,orthog,489.4924
calco,calcolo,6,orthog,605.55365
cambio,cambusa,6,orthog,577.1296
canna,cannibale,6,orthog,571.1258
capra,capriola,6,orthog,550.4994
carne,carnevale,6,orthog,526.83175
caro,carota,6,orthog,639.2293
casta,castagna,6,orthog,596.8209
circo,circuito,6,orthog,560.9308
cocco,coccodrillo,6,orthog,650.4651
coda,codardo,6,orthog,537.9586
conca,conchiglia,6,orthog,605.92675
corda,cordoglio,6,orthog,553.20945
corno,cornice,6,orthog,523.4325
corte,corteccia,6,orthog,523.1558
costo,costume,6,orthog,558.01325
cupo,cupido,6,orthog,652.2443
dama,damigiana,6,orthog,545.1141
ditta,dittongo,6,orthog,535.9136
faccia,faccenda,6,orthog,544.2212
fame,famiglia,6,orthog,561.131
faro,faringe,6,orthog,553.20575
feto,fetido,6,orthog,586.45425
foro,foresta,6,orthog,588.2985
fune,fungo,6,orthog,660.07665
gazza,gazzarra,6,orthog,575.4732
germe,germoglio,6,orthog,650.8709
ghianda,ghiandola,6,orthog,580.8047
giove,giovenca,6,orthog,643.911
lama,lamento,6,orthog,565.6435
latte,lattuga,6,orthog,530.3772
lava,lavagna,6,orthog,557.3987
lente,lenticchia,6,orthog,537.0046
lite,litio,6,orthog,594.7268
lume,lumaca,6,orthog,581.5242
maggio,maggioranza,6,orthog,620.3143
mandria,mandrillo,6,orthog,665.9364
mano,maniaco,6,orthog,542.9464
manto,mantide,6,orthog,565.5268
merce,mercurio,6,orthog,576.4822
meta,metallo,6,orthog,654.90835
mira,miracolo,6,orthog,600.4189
moda,moderno,6,orthog,506.30625
oblio,obliquo,6,orthog,635.4675
orco,orchestra,6,orthog,517.4021
organo,organza,6,orthog,558.45775
pacco,pacchia,6,orthog,563.9099
paga,pagoda,6,orthog,696.40115
palo,palestra,6,orthog,578.7914
palla,pallido,6,orthog,495.1867
palma,palmares,6,orthog,583.8596
panno,pannocchia,6,orthog,577.4415
papa,papiro,6,orthog,587.562
perno,pernice,6,orthog,714.9464
piano,pianeta,6,orthog,544.4601
pinna,pinnacolo,6,orthog,569.0469
pista,pistola,6,orthog,587.00245
premio,premura,6,orthog,624.1927
prode,prodigio,6,orthog,677.05045
raggio,raggiro,6,orthog,571.2649
rame,rampa,6,orthog,542.27225
rapa,rapace,6,orthog,625.4651
remo,remoto,6,orthog,633.9769
resto,restauro,6,orthog,617.44795
riva,rivale,6,orthog,557.1841
sacca,saccarosio,6,orthog,523.1547
salame,salamandra,6,orthog,620.0956
sala,salasso,6,orthog,534.0161
samba,sambuca,6,orthog,682.13505
scalo,scalogno,6,orthog,623.2069
scampo,scampolo,6,orthog,684.5134
sole,solido,6,orthog,534.86125
spia,spiaggia,6,orthog,616.5035
spina,spinaci,6,orthog,536.97075
tappo,tappeto,6,orthog,620.86485
tara,tariffa,6,orthog,652.96865
tartaro,tartaruga,6,orthog,706.9999
timo,timido,6,orthog,736.11395
torto,tortura,6,orthog,547.1236
trama,tramonto,6,orthog,556.839
verga,vergogna,6,orthog,734.89175
vitto,vittima,6,orthog,668.2101
acero,acerbo,7,orthog,812.1551
amaro,amarcord,7,orthog,609.4333
ape,apice,7,orthog,549.4998
banda,bandolo,7,orthog,531.3924
bar,baracca,7,orthog,499.4278
baratto,barattolo,7,orthog,662.1555
barba,barbiturico,7,orthog,522.0081
baro,barocco,7,orthog,685.4464
barra,barracuda,7,orthog,600.27645
bomba,bombola,7,orthog,533.3213
calco,calcolo,7,orthog,700.9417
cambio,cambusa,7,orthog,621.41125
canna,cannibale,7,orthog,522.8592
capra,capriola,7,orthog,598.95995
carne,carnevale,7,orthog,541.6577
caro,carota,7,orthog,750.6734
casta,castagna,7,orthog,566.7394
circo,circuito,7,orthog,553.1573
cocco,coccodrillo,7,orthog,546.5077
coda,codardo,7,orthog,516.80825
conca,conchiglia,7,orthog,708.2158
corda,cordoglio,7,orthog,510.7328
corno,cornice,7,orthog,538.3234
corte,corteccia,7,orthog,505.5483
costo,costume,7,orthog,519.2256
cupo,cupido,7,orthog,668.3468
dama,damigiana,7,orthog,574.848
ditta,dittongo,7,orthog,535.61795
faccia,faccenda,7,orthog,539.337
fame,famiglia,7,orthog,579.6832
faro,faringe,7,orthog,557.3673
feto,fetido,7,orthog,606.2634
foro,foresta,7,orthog,544.9623
fune,fungo,7,orthog,674.936
gazza,gazzarra,7,orthog,629.9286
germe,germoglio,7,orthog,633.9137
ghianda,ghiandola,7,orthog,593.24455
giove,giovenca,7,orthog,648.86105
lama,lamento,7,orthog,542.0673
latte,lattuga,7,orthog,516.7251
lava,lavagna,7,orthog,579.3311
lente,lenticchia,7,orthog,511.304
lite,litio,7,orthog,647.0281
lume,lumaca,7,orthog,604.3321
maggio,maggioranza,7,orthog,564.5446
mandria,mandrillo,7,orthog,667.5861
mano,maniaco,7,orthog,537.16425
manto,mantide,7,orthog,607.8631
merce,mercurio,7,orthog,593.052
meta,metallo,7,orthog,581.81465
mira,miracolo,7,orthog,656.31335
moda,moderno,7,orthog,494.6407
oblio,obliquo,7,orthog,581.4424
orco,orchestra,7,orthog,542.3897
organo,organza,7,orthog,594.3092
pacco,pacchia,7,orthog,547.1314
paga,pagoda,7,orthog,637.0451
palo,palestra,7,orthog,658.7438
palla,pallido,7,orthog,505.6718
palma,palmares,7,orthog,646.5176
panno,pannocchia,7,orthog,545.34045
papa,papiro,7,orthog,646.5418
perno,pernice,7,orthog,832.6157
piano,pianeta,7,orthog,573.26
pinna,pinnacolo,7,orthog,543.9502
pista,pistola,7,orthog,579.1685
premio,premura,7,orthog,615.5582
prode,prodigio,7,orthog,596.41115
raggio,raggiro,7,orthog,558.9881
rame,rampa,7,orthog,569.0403
rapa,rapace,7,orthog,626.32455
remo,remoto,7,orthog,580.6034
resto,restauro,7,orthog,582.8171
riva,rivale,7,orthog,561.86995
sacca,saccarosio,7,orthog,590.1536
salame,salamandra,7,orthog,614.2535
sala,salasso,7,orthog,554.3477
samba,sambuca,7,orthog,682.12055
scalo,scalogno,7,orthog,658.8803
scampo,scampolo,7,orthog,637.6372
sole,solido,7,orthog,570.5492
spia,spiaggia,7,orthog,645.1684
spina,spinaci,7,orthog,587.1619
tappo,tappeto,7,orthog,553.262
tara,tariffa,7,orthog,575.0856
tartaro,tartaruga,7,orthog,747.71055
timo,timido,7,orthog,755.1125
torto,tortura,7,orthog,519.9883
trama,tramonto,7,orthog,607.4021
verga,vergogna,7,orthog,670.16915
vitto,vittima,7,orthog,683.4364
anello,anellino,1,transp,509.279
arco,arcata,1,transp,578.57665
arte,artista,1,transp,517.4349
asma,asmatico,1,transp,622.5852
astro,astrologo,1,transp,603.5793
banca,bancario,1,transp,557.6887
benda,bendaggio,1,transp,582.157
bestia,bestiame,1,transp,661.99975
borsa,borsetta,1,transp,553.778
bosco,boscaglia,1,transp,554.304
calcio,calciatore,1,transp,545.6435
camino,caminetto,1,transp,669.327
campana,campanile,1,transp,639.409
cassetto,cassettino,1,transp,580.31305
cassa,cassone,1,transp,519.77875
cavallo,cavallino,1,transp,547.99545
cavo,cavetto,1,transp,559.4543
cena,cenetta,1,transp,544.0199
cesto,cestello,1,transp,593.1123
cipolla,cipollina,1,transp,579.73345
colpa,colpevole,1,transp,613.9536
crema,cremoso,1,transp,533.78725
cubo,cubista,1,transp,525.7668
delfino,delfinario,1,transp,541.0101
dito,ditata,1,transp,555.9507
dose,dosaggio,1,transp,617.47655
fango,fangoso,1,transp,563.98795
farina,farinoso,1,transp,584.2174
fata,fatina,1,transp,614.4881
fieno,fienile,1,transp,550.5467
forchetta,forchettina,1,transp,560.2011
forno,fornaio,1,transp,553.2244
fragola,fragolina,1,transp,557.59295
frusta,frustata,1,transp,575.185
gabbia,gabbietta,1,transp,545.8564
gatto,gattino,1,transp,485.266
gesto,gestuale,1,transp,554.4966
ghiaccio,ghiacciolo,1,transp,527.845
giardino,giardinaggio,1,transp,606.9394
giovane,giovanile,1,transp,610.5853
guancia,guanciale,1,transp,639.3485
isola,isoletta,1,transp,551.9073
legno,legname,1,transp,565.05385
maglia,maglione,1,transp,544.1814
mazza,mazzata,1,transp,530.7348
mazzo,mazzetto,1,transp,621.9742
mente,mentale,1,transp,614.2137
minestra,minestrone,1,transp,589.0783
muro,muretto,1,transp,504.6022
naso,nasone,1,transp,531.4681
nastro,nastrino,1,transp,648.6163
nervo,nervoso,1,transp,578.74135
occhio,occhiata,1,transp,539.7487
orto,ortaggio,1,transp,504.9212
pagina,paginetta,1,transp,532.1793
palazzo,palazzone,1,transp,551.80395
parola,paroliere,1,transp,584.6098
pensione,pensionato,1,transp,611.88205
pianta,piantagione,1,transp,536.4765
piatto,piattino,1,transp,528.829
pollo,pollame,1,transp,503.5755
prigione,prigioniero,1,transp,531.69365
quadro,quadretto,1,transp,610.7152
radice,radicale,1,transp,540.3122
regia,regista,1,transp,673.67345
sabbia,sabbiatura,1,transp,555.5892
sacco,saccone,1,transp,551.36675
sano,sanità,1,transp,580.3707
sasso,sassata,1,transp,517.184
scarpa,scarpina,1,transp,594.5753
scimmia,scimmietta,1,transp,552.07835
servo,servile,1,transp,589.71615
soldo,soldino,1,transp,602.49625
stile,stilista,1,transp,546.7447
tasto,tastiera,1,transp,551.0342
tavolo,tavolata,1,transp,559.95655
taxi,taxista,1,transp,619.52
tazza,tazzina,1,transp,510.4766
tenda,tendone,1,transp,532.6509
terra,terrestre,1,transp,695.2174
tigre,tigrotto,1,transp,517.8392
toro,torello,1,transp,530.0286
torre,torretta,1,transp,555.9685
torta,tortina,1,transp,526.687
tromba,trombetta,1,transp,609.5369
unghia,unghietta,1,transp,556.1755
vaso,vasetto,1,transp,572.56105
vela,veliero,1,transp,542.0579
vestito,vestitino,1,transp,520.2844
vetro,vetrata,1,transp,549.8427
vigile,vigilanza,1,transp,555.04535
villa,villona,1,transp,615.2254
viso,visino,1,transp,525.21705
zaino,zainetto,1,transp,536.8671
anello,anellino,2,transp,562.1841
arco,arcata,2,transp,574.9692
arte,artista,2,transp,549.9477
asma,asmatico,2,transp,617.85555
astro,astrologo,2,transp,644.4508
banca,bancario,2,transp,520.6888
benda,bendaggio,2,transp,626.9828
bestia,bestiame,2,transp,560.22275
borsa,borsetta,2,transp,556.5286
bosco,boscaglia,2,transp,558.5808
calcio,calciatore,2,transp,596.3559
camino,caminetto,2,transp,611.01985
campana,campanile,2,transp,626.27865
cassetto,cassettino,2,transp,570.5561
cassa,cassone,2,transp,548.6687
cavallo,cavallino,2,transp,544.8727
cavo,cavetto,2,transp,572.7623
cena,cenetta,2,transp,550.402
cesto,cestello,2,transp,642.93335
cipolla,cipollina,2,transp,534.20855
colpa,colpevole,2,transp,583.7045
crema,cremoso,2,transp,564.44245
cubo,cubista,2,transp,566.3991
delfino,delfinario,2,transp,609.2344
dito,ditata,2,transp,570.10585
dose,dosaggio,2,transp,674.3875
fango,fangoso,2,transp,533.6048
farina,farinoso,2,transp,547.4952
fata,fatina,2,transp,592.9642
fieno,fienile,2,transp,615.2994
forchetta,forchettina,2,transp,581.1705
forno,fornaio,2,transp,506.276
fragola,fragolina,2,transp,553.7742
frusta,frustata,2,transp,605.8034
gabbia,gabbietta,2,transp,524.7655
gatto,gattino,2,transp,537.6682
gesto,gestuale,2,transp,537.3538
ghiaccio,ghiacciolo,2,transp,548.5687
giardino,giardinaggio,2,transp,576.53695
giovane,giovanile,2,transp,575.7372
guancia,guanciale,2,transp,591.404
isola,isoletta,2,transp,576.7937
legno,legname,2,transp,516.7447
maglia,maglione,2,transp,509.70835
mazza,mazzata,2,transp,554.70845
mazzo,mazzetto,2,transp,589.2289
mente,mentale,2,transp,541.83605
minestra,minestrone,2,transp,592.86215
muro,muretto,2,transp,540.5218
naso,nasone,2,transp,513.8117
nastro,nastrino,2,transp,642.61885
nervo,nervoso,2,transp,601.69675
occhio,occhiata,2,transp,554.92235
orto,ortaggio,2,transp,534.0998
pagina,paginetta,2,transp,573.5899
palazzo,palazzone,2,transp,592.5023
parola,paroliere,2,transp,521.3329
pensione,pensionato,2,transp,651.23965
pianta,piantagione,2,transp,525.2348
piatto,piattino,2,transp,578.8416
pollo,pollame,2,transp,519.7759
prigione,prigioniero,2,transp,679.7656
quadro,quadretto,2,transp,562.87135
radice,radicale,2,transp,537.7906
regia,regista,2,transp,561.4931
sabbia,sabbiatura,2,transp,533.7628
sacco,saccone,2,transp,542.7807
sano,sanità,2,transp,608.0429
sasso,sassata,2,transp,511.4585
scarpa,scarpina,2,transp,502.784
scimmia,scimmietta,2,transp,526.2083
servo,servile,2,transp,587.92155
soldo,soldino,2,transp,537.52865
stile,stilista,2,transp,585.3214
tasto,tastiera,2,transp,574.7727
tavolo,tavolata,2,transp,545.02765
taxi,taxista,2,transp,596.06145
tazza,tazzina,2,transp,532.7519
tenda,tendone,2,transp,560.3544
terra,terrestre,2,transp,526.0726
tigre,tigrotto,2,transp,508.5492
toro,torello,2,transp,560.1493
torre,torretta,2,transp,552.91185
torta,tortina,2,transp,562.549
tromba,trombetta,2,transp,581.1334
unghia,unghietta,2,transp,605.262
vaso,vasetto,2,transp,527.8687
vela,veliero,2,transp,554.8183
vestito,vestitino,2,transp,583.9761
vetro,vetrata,2,transp,525.863
vigile,vigilanza,2,transp,609.14985
villa,villona,2,transp,548.3171
viso,visino,2,transp,542.5147
zaino,zainetto,2,transp,575.0708
anello,anellino,3,transp,599.4397
arco,arcata,3,transp,554.15475
arte,artista,3,transp,537.71235
asma,asmatico,3,transp,567.75135
astro,astrologo,3,transp,587.74635
banca,bancario,3,transp,578.1605
benda,bendaggio,3,transp,637.3899
bestia,bestiame,3,transp,594.45025
borsa,borsetta,3,transp,509.9802
bosco,boscaglia,3,transp,546.9211
calcio,calciatore,3,transp,590.5955
camino,caminetto,3,transp,703.2612
campana,campanile,3,transp,595.3444
cassetto,cassettino,3,transp,662.3446
cassa,cassone,3,transp,546.6354
cavallo,cavallino,3,transp,516.6703
cavo,cavetto,3,transp,601.7257
cena,cenetta,3,transp,532.6679
cesto,cestello,3,transp,633.2942
cipolla,cipollina,3,transp,531.8426
colpa,colpevole,3,transp,517.578
crema,cremoso,3,transp,529.9528
cubo,cubista,3,transp,499.3905
delfino,delfinario,3,transp,563.0671
dito,ditata,3,transp,547.65915
dose,dosaggio,3,transp,602.7901
fango,fangoso,3,transp,574.3259
farina,farinoso,3,transp,559.4323
fata,fatina,3,transp,599.07325
fieno,fienile,3,transp,594.94205
forchetta,forchettina,3,transp,580.4372
forno,fornaio,3,transp,551.39485
fragola,fragolina,3,transp,556.1273
frusta,frustata,3,transp,579.8508
gabbia,gabbietta,3,transp,548.86035
gatto,gattino,3,transp,524.7454
gesto,gestuale,3,transp,562.28
ghiaccio,ghiacciolo,3,transp,568.6442
giardino,giardinaggio,3,transp,551.4824
giovane,giovanile,3,transp,532.0806
guancia,guanciale,3,transp,582.2646
isola,isoletta,3,transp,524.8432
legno,legname,3,transp,554.8339
maglia,maglione,3,transp,547.961
mazza,mazzata,3,transp,533.4036
mazzo,mazzetto,3,transp,600.3275
mente,mentale,3,transp,523.4717
minestra,minestrone,3,transp,630.58615
muro,muretto,3,transp,538.95445
naso,nasone,3,transp,573.0222
nastro,nastrino,3,transp,708.9289
nervo,nervoso,3,transp,563.0188
occhio,occhiata,3,transp,518.6935
orto,ortaggio,3,transp,570.3316
pagina,paginetta,3,transp,600.7135
palazzo,palazzone,3,transp,563.1732
parola,paroliere,3,transp,588.2219
pensione,pensionato,3,transp,593.8235
pianta,piantagione,3,transp,546.3669
piatto,piattino,3,transp,484.586
pollo,pollame,3,transp,511.677
prigione,prigioniero,3,transp,556.3867
quadro,quadretto,3,transp,592.9222
radice,radicale,3,transp,583.5251
regia,regista,3,transp,642.83905
sabbia,sabbiatura,3,transp,589.38695
sacco,saccone,3,transp,553.151
sano,sanità,3,transp,599.835
sasso,sassata,3,transp,528.819
scarpa,scarpina,3,transp,516.44655
scimmia,scimmietta,3,transp,534.16285
servo,servile,3,transp,605.157
soldo,soldino,3,transp,578.9146
stile,stilista,3,transp,607.9253
tasto,tastiera,3,transp,584.5067
tavolo,tavolata,3,transp,520.0472
taxi,taxista,3,transp,637.3287
tazza,tazzina,3,transp,549.5038
tenda,tendone,3,transp,535.5298
terra,terrestre,3,transp,548.84345
tigre,tigrotto,3,transp,490.8088
toro,torello,3,transp,609.99755
torre,torretta,3,transp,534.6562
torta,tortina,3,transp,544.4393
tromba,trombetta,3,transp,571.472
unghia,unghietta,3,transp,578.33545
vaso,vasetto,3,transp,542.6417
vela,veliero,3,transp,567.4029
vestito,vestitino,3,transp,588.4244
vetro,vetrata,3,transp,570.1196
vigile,vigilanza,3,transp,557.5656
villa,villona,3,transp,536.50765
viso,visino,3,transp,494.414
zaino,zainetto,3,transp,579.85505
anello,anellino,4,transp,525.63795
arco,arcata,4,transp,555.0561
arte,artista,4,transp,540.1185
asma,asmatico,4,transp,608.1097
astro,astrologo,4,transp,583.6151
banca,bancario,4,transp,559.21775
benda,bendaggio,4,transp,699.86595
bestia,bestiame,4,transp,567.2163
borsa,borsetta,4,transp,510.32625
bosco,boscaglia,4,transp,576.2622
calcio,calciatore,4,transp,538.0385
camino,caminetto,4,transp,560.0123
campana,campanile,4,transp,594.10505
cassetto,cassettino,4,transp,521.415
cassa,cassone,4,transp,532.4408
cavallo,cavallino,4,transp,512.5905
cavo,cavetto,4,transp,569.55335
cena,cenetta,4,transp,564.77465
cesto,cestello,4,transp,665.6615
cipolla,cipollina,4,transp,489.6228
colpa,colpevole,4,transp,547.11905
crema,cremoso,4,transp,541.6175
cubo,cubista,4,transp,584.2279
delfino,delfinario,4,transp,542.3079
dito,ditata,4,transp,562.7056
dose,dosaggio,4,transp,579.85745
fango,fangoso,4,transp,518.6353
farina,farinoso,4,transp,560.54945
fata,fatina,4,transp,674.4843
fieno,fienile,4,transp,635.3495
forchetta,forchettina,4,transp,600.3713
forno,fornaio,4,transp,544.90095
fragola,fragolina,4,transp,552.4725
frusta,frustata,4,transp,577.93935
gabbia,gabbietta,4,transp,559.6527
gatto,gattino,4,transp,520.065
gesto,gestuale,4,transp,502.2363
ghiaccio,ghiacciolo,4,transp,587.5554
giardino,giardinaggio,4,transp,523.1897
giovane,giovanile,4,transp,517.0736
guancia,guanciale,4,transp,581.127
isola,isoletta,4,transp,534.2567
legno,legname,4,transp,525.4896
maglia,maglione,4,transp,532.57105
mazza,mazzata,4,transp,536.6783
mazzo,mazzetto,4,transp,593.1248
mente,mentale,4,transp,544.695
minestra,minestrone,4,transp,565.3825
muro,muretto,4,transp,551.7778
naso,nasone,4,transp,543.1688
nastro,nastrino,4,transp,673.9152
nervo,nervoso,4,transp,571.0048
occhio,occhiata,4,transp,512.45585
orto,ortaggio,4,transp,534.1784
pagina,paginetta,4,transp,612.7972
palazzo,palazzone,4,transp,556.8946
parola,paroliere,4,transp,520.3937
pensione,pensionato,4,transp,577.5131
pianta,piantagione,4,transp,548.1076
piatto,piattino,4,transp,522.83745
pollo,pollame,4,transp,484.7518
prigione,prigioniero,4,transp,577.5982
quadro,quadretto,4,transp,624.0412
radice,radicale,4,transp,521.3409
regia,regista,4,transp,645.045
sabbia,sabbiatura,4,transp,548.2896
sacco,saccone,4,transp,512.95425
sano,sanità,4,transp,596.5258
sasso,sassata,4,transp,529.30925
scarpa,scarpina,4,transp,520.53235
scimmia,scimmietta,4,transp,504.1859
servo,servile,4,transp,573.9354
soldo,soldino,4,transp,548.0478
stile,stilista,4,transp,576.76445
tasto,tastiera,4,transp,562.2315
tavolo,tavolata,4,transp,523.0107
taxi,taxista,4,transp,584.79165
tazza,tazzina,4,transp,511.5389
tenda,tendone,4,transp,568.561
terra,terrestre,4,transp,551.3536
tigre,tigrotto,4,transp,511.0446
toro,torello,4,transp,556.1484
torre,torretta,4,transp,526.3821
torta,tortina,4,transp,519.60015
tromba,trombetta,4,transp,516.5814
unghia,unghietta,4,transp,532.79825
vaso,vasetto,4,transp,515.0136
vela,veliero,4,transp,590.0018
vestito,vestitino,4,transp,525.5369
vetro,vetrata,4,transp,542.339
vigile,vigilanza,4,transp,529.942
villa,villona,4,transp,527.3701
viso,visino,4,transp,501.18715
zaino,zainetto,4,transp,559.24
anello,anellino,5,transp,543.4938
arco,arcata,5,transp,540.99905
arte,artista,5,transp,570.2876
asma,asmatico,5,transp,637.0939
astro,astrologo,5,transp,621.3269
banca,bancario,5,transp,525.5674
benda,bendaggio,5,transp,562.86585
bestia,bestiame,5,transp,564.50205
borsa,borsetta,5,transp,504.5251
bosco,boscaglia,5,transp,551.53975
calcio,calciatore,5,transp,504.2194
camino,caminetto,5,transp,598.671
campana,campanile,5,transp,625.0463
cassetto,cassettino,5,transp,640.2319
cassa,cassone,5,transp,549.2041
cavallo,cavallino,5,transp,510.7516
cavo,cavetto,5,transp,621.8753
cena,cenetta,5,transp,522.728
cesto,cestello,5,transp,607.6421
cipolla,cipollina,5,transp,528.4166
colpa,colpevole,5,transp,506.1968
crema,cremoso,5,transp,513.03265
cubo,cubista,5,transp,534.48955
delfino,delfinario,5,transp,613.1041
dito,ditata,5,transp,541.9541
dose,dosaggio,5,transp,534.6435
fango,fangoso,5,transp,544.4931
farina,farinoso,5,transp,525.6468
fata,fatina,5,transp,595.27825
fieno,fienile,5,transp,625.96215
forchetta,forchettina,5,transp,524.2072
forno,fornaio,5,transp,499.698
fragola,fragolina,5,transp,540.6957
frusta,frustata,5,transp,609.0988
gabbia,gabbietta,5,transp,552.367
gatto,gattino,5,transp,488.1769
gesto,gestuale,5,transp,503.6667
ghiaccio,ghiacciolo,5,transp,523.70325
giardino,giardinaggio,5,transp,562.5286
giovane,giovanile,5,transp,592.96915
guancia,guanciale,5,transp,517.6877
isola,isoletta,5,transp,551.0445
legno,legname,5,transp,537.6385
maglia,maglione,5,transp,559.28385
mazza,mazzata,5,transp,570.8521
mazzo,mazzetto,5,transp,564.5743
mente,mentale,5,transp,490.23935
minestra,minestrone,5,transp,560.7522
muro,muretto,5,transp,545.6068
naso,nasone,5,transp,530.81255
nastro,nastrino,5,transp,666.0449
nervo,nervoso,5,transp,538.702
occhio,occhiata,5,transp,509.22255
orto,ortaggio,5,transp,524.6523
pagina,paginetta,5,transp,593.7188
palazzo,palazzone,5,transp,538.1569
parola,paroliere,5,transp,522.50475
pensione,pensionato,5,transp,558.4223
pianta,piantagione,5,transp,535.8274
piatto,piattino,5,transp,527.5829
pollo,pollame,5,transp,521.8495
prigione,prigioniero,5,transp,538.733
quadro,quadretto,5,transp,525.6559
radice,radicale,5,transp,575.70325
regia,regista,5,transp,604.9879
sabbia,sabbiatura,5,transp,558.6347
sacco,saccone,5,transp,579.3169
sano,sanità,5,transp,589.1012
sasso,sassata,5,transp,540.88465
scarpa,scarpina,5,transp,586.0807
scimmia,scimmietta,5,transp,559.0719
servo,servile,5,transp,660.2881
soldo,soldino,5,transp,545.6097
stile,stilista,5,transp,598.34695
tasto,tastiera,5,transp,548.08805
tavolo,tavolata,5,transp,512.8892
taxi,taxista,5,transp,562.0731
tazza,tazzina,5,transp,577.5998
tenda,tendone,5,transp,554.72335
terra,terrestre,5,transp,530.0944
tigre,tigrotto,5,transp,598.5906
toro,torello,5,transp,553.1913
torre,torretta,5,transp,505.9044
torta,tortina,5,transp,518.6451
tromba,trombetta,5,transp,577.9467
unghia,unghietta,5,transp,562.6956
vaso,vasetto,5,transp,524.3025
vela,veliero,5,transp,534.7967
vestito,vestitino,5,transp,526.7979
vetro,vetrata,5,transp,573.8313
vigile,vigilanza,5,transp,556.2027
villa,villona,5,transp,573.48365
viso,visino,5,transp,524.2098
zaino,zainetto,5,transp,554.8219
anello,anellino,6,transp,554.669
arco,arcata,6,transp,524.5486
arte,artista,6,transp,511.4297
asma,asmatico,6,transp,601.1015
astro,astrologo,6,transp,535.88625
banca,bancario,6,transp,539.7695
benda,bendaggio,6,transp,560.5574
bestia,bestiame,6,transp,572.3932
borsa,borsetta,6,transp,498.0376
bosco,boscaglia,6,transp,536.8719
calcio,calciatore,6,transp,550.7459
camino,caminetto,6,transp,572.3477
campana,campanile,6,transp,676.0635
cassetto,cassettino,6,transp,535.62545
cassa,cassone,6,transp,527.9952
cavallo,cavallino,6,transp,507.075
cavo,cavetto,6,transp,610.97175
cena,cenetta,6,transp,536.9947
cesto,cestello,6,transp,613.7285
cipolla,cipollina,6,transp,524.4681
colpa,colpevole,6,transp,488.1663
crema,cremoso,6,transp,551.4952
cubo,cubista,6,transp,553.6576
delfino,delfinario,6,transp,537.5806
dito,ditata,6,transp,523.20955
dose,dosaggio,6,transp,563.61985
fango,fangoso,6,transp,563.4325
farina,farinoso,6,transp,579.75115
fata,fatina,6,transp,551.8932
fieno,fienile,6,transp,610.71145
forchetta,forchettina,6,transp,562.6251
forno,fornaio,6,transp,532.0444
fragola,fragolina,6,transp,523.0276
frusta,frustata,6,transp,590.8328
gabbia,gabbietta,6,transp,563.83375
gatto,gattino,6,transp,493.0015
gesto,gestuale,6,transp,513.3517
ghiaccio,ghiacciolo,6,transp,544.1774
giardino,giardinaggio,6,transp,526.6003
giovane,giovanile,6,transp,525.82145
guancia,guanciale,6,transp,553.30995
isola,isoletta,6,transp,538.56525
legno,legname,6,transp,532.0099
maglia,maglione,6,transp,533.3684
mazza,mazzata,6,transp,579.3638
mazzo,mazzetto,6,transp,566.0524
mente,mentale,6,transp,525.0416
minestra,minestrone,6,transp,539.66215
muro,muretto,6,transp,526.95975
naso,nasone,6,transp,514.6388
nastro,nastrino,6,transp,621.0517
nervo,nervoso,6,transp,517.13975
occhio,occhiata,6,transp,518.2532
orto,ortaggio,6,transp,522.6351
pagina,paginetta,6,transp,631.2621
palazzo,palazzone,6,transp,564.93965
parola,paroliere,6,transp,527.67935
pensione,pensionato,6,transp,542.0303
pianta,piantagione,6,transp,553.609
piatto,piattino,6,transp,538.9721
pollo,pollame,6,transp,483.4442
prigione,prigioniero,6,transp,531.3243
quadro,quadretto,6,transp,503.4298
radice,radicale,6,transp,537.82995
regia,regista,6,transp,601.1715
sabbia,sabbiatura,6,transp,562.5042
sacco,saccone,6,transp,587.7685
sano,sanità,6,transp,587.9648
sasso,sassata,6,transp,495.0586
scarpa,scarpina,6,transp,544.1142
scimmia,scimmietta,6,transp,530.82675
servo,servile,6,transp,601.2011
soldo,soldino,6,transp,542.1599
stile,stilista,6,transp,538.3663
tasto,tastiera,6,transp,531.6215
tavolo,tavolata,6,transp,484.5407
taxi,taxista,6,transp,578.7095
tazza,tazzina,6,transp,519.3659
tenda,tendone,6,transp,538.0842
terra,terrestre,6,transp,512.8618
tigre,tigrotto,6,transp,507.76095
toro,torello,6,transp,526.28365
torre,torretta,6,transp,534.0744
torta,tortina,6,transp,544.1886
tromba,trombetta,6,transp,568.09215
unghia,unghietta,6,transp,547.3033
vaso,vasetto,6,transp,521.229
vela,veliero,6,transp,590.82025
vestito,vestitino,6,transp,497.388
vetro,vetrata,6,transp,533.6397
vigile,vigilanza,6,transp,587.3973
villa,villona,6,transp,570.32945
viso,visino,6,transp,501.837
zaino,zainetto,6,transp,575.477
anello,anellino,7,transp,555.9074
arco,arcata,7,transp,534.5243
arte,artista,7,transp,536.7585
asma,asmatico,7,transp,619.22625
astro,astrologo,7,transp,635.1177
banca,bancario,7,transp,526.3783
benda,bendaggio,7,transp,574.25525
bestia,bestiame,7,transp,538.9561
borsa,borsetta,7,transp,514.49495
bosco,boscaglia,7,transp,512.2646
calcio,calciatore,7,transp,534.3356
camino,caminetto,7,transp,570.6926
campana,campanile,7,transp,543.2228
cassetto,cassettino,7,transp,544.3486
cassa,cassone,7,transp,537.0606
cavallo,cavallino,7,transp,550.0761
cavo,cavetto,7,transp,514.2459
cena,cenetta,7,transp,556.04455
cesto,cestello,7,transp,613.70145
cipolla,cipollina,7,transp,501.6174
colpa,colpevole,7,transp,547.5714
crema,cremoso,7,transp,520.7464
cubo,cubista,7,transp,542.801
delfino,delfinario,7,transp,588.8952
dito,ditata,7,transp,558.05365
dose,dosaggio,7,transp,610.70335
fango,fangoso,7,transp,515.4407
farina,farinoso,7,transp,592.1279
fata,fatina,7,transp,482.0561
fieno,fienile,7,transp,617.2686
forchetta,forchettina,7,transp,541.57525
forno,fornaio,7,transp,535.0459
fragola,fragolina,7,transp,481.21755
frusta,frustata,7,transp,584.2559
gabbia,gabbietta,7,transp,546.3159
gatto,gattino,7,transp,512.8069
gesto,gestuale,7,transp,560.33355
ghiaccio,ghiacciolo,7,transp,500.902
giardino,giardinaggio,7,transp,549.9101
giovane,giovanile,7,transp,563.7859
guancia,guanciale,7,transp,574.17805
isola,isoletta,7,transp,504.0675
legno,legname,7,transp,521.17875
maglia,maglione,7,transp,532.60525
mazza,mazzata,7,transp,597.17635
mazzo,mazzetto,7,transp,542.21155
mente,mentale,7,transp,508.16575
minestra,minestrone,7,transp,560.1468
muro,muretto,7,transp,533.2242
naso,nasone,7,transp,539.1318
nastro,nastrino,7,transp,538.99555
nervo,nervoso,7,transp,504.09345
occhio,occhiata,7,transp,530.4354
orto,ortaggio,7,transp,535.8791
pagina,paginetta,7,transp,565.6381
palazzo,palazzone,7,transp,569.8089
parola,paroliere,7,transp,497.80485
pensione,pensionato,7,transp,518.4692
pianta,piantagione,7,transp,534.1646
piatto,piattino,7,transp,503.882
pollo,pollame,7,transp,488.34335
prigione,prigioniero,7,transp,543.2112
quadro,quadretto,7,transp,566.16975
radice,radicale,7,transp,566.7192
regia,regista,7,transp,611.3233
sabbia,sabbiatura,7,transp,559.9431
sacco,saccone,7,transp,562.173
sano,sanità,7,transp,558.61575
sasso,sassata,7,transp,527.3472
scarpa,scarpina,7,transp,561.6094
scimmia,scimmietta,7,transp,541.5755
servo,servile,7,transp,569.039
soldo,soldino,7,transp,505.0367
stile,stilista,7,transp,566.1819
tasto,tastiera,7,transp,510.1662
tavolo,tavolata,7,transp,514.5003
taxi,taxista,7,transp,550.7092
tazza,tazzina,7,transp,522.2054
tenda,tendone,7,transp,527.97805
terra,terrestre,7,transp,517.9461
tigre,tigrotto,7,transp,525.0139
toro,torello,7,transp,598.9155
torre,torretta,7,transp,504.3347
torta,tortina,7,transp,515.79415
tromba,trombetta,7,transp,513.43165
unghia,unghietta,7,transp,559.9683
vaso,vasetto,7,transp,500.0228
vela,veliero,7,transp,533.1725
vestito,vestitino,7,transp,535.0582
vetro,vetrata,7,transp,518.8799
vigile,vigilanza,7,transp,563.4693
villa,villona,7,transp,550.1305
viso,visino,7,transp,543.23225
zaino,zainetto,7,transp,537.969
